<?xml version="1.0" encoding="UTF-8"?>
<metadata>
  <idinfo>
    <descript>
      <abstract>Soil organic carbon is a general term for the total of all the different non-living organic compounds in the soil, it also excludes dead plants and animals. The organic carbon in the soil is used by plants for nourishment as they grow, and the plants themselves replenish the resource when they decay after they die.
 
 Although it would seem that high densities of soil carbon would correspond to areas where vegetation thrives, this is not necessarily the case. For example, the regions of the world categorized as tropical rainforest typically have very low quality soils - not because the soils are bad, rather because the highly active vegetation on the surface has already extracted most of the nutrient from the soil. The regions of the world where soil carbon accumulates, are therefore regions where vegetation growth is generally slower - such as swamps, bogs, and wetlands.</abstract>
      <purpose>In order to feed and house the millions of new people added to the Earth each year, there has been an unprecedented intensification of global land use. Cities have been expanding into the surrounding countryside, farms continue to amalgamate into larger and larger entities, and forests continue to be cleared at an alarming rate to make way for pastures or subsistence cropland. These practices are most evident in the developing world, which is currently undergoing the largest population and resource crunch history has seen.</purpose>
      <supplinf />
    </descript>
    <useconst>(http://creativecommons.org/licenses/by/3.0/)This work is licensed under a Creative Commons Attribution 3.0 License (http://creativecommons.org/licenses/by/3.0/).</useconst>
    <datacred />
    <citation>
      <citeinfo>
        <title>Global Soil Organic Carbon Density in kg Carbon/m2 to 1 meter depth</title>
        <pubdate />
        <othercit>Title: Global Soil Organic Carbon Density in kg Carbon/m2 to 1 meter depth
Credits: IGBP-DIS (1998) SoilData(V.0) A program for creating global soil-property databases, IGBP Global Soils Data Task, France.
Publication Date: 2002
Online Linkages: http://www.sage.wisc.edu/atlas/maps.php?datasetid=21&amp;#8712;cluderelatedlinks=1&amp;amp;dataset=21 (http://www.sage.wisc.edu/atlas/maps.php?datasetid=21&amp;#8712;cluderelatedlinks=1&amp;amp;dataset=21)Other Citation Info: IGBP-DIS (1998) SoilData(V.0) A program for creating global soil-property databases, IGBP Global Soils Data Task, France.</othercit>
        <origin>IGBP-DIS (1998) SoilData(V.0) A program for creating global soil-property databases</origin>
        <origin>IGBP Global Soils Data Task</origin>
        <origin>France.</origin>
        <onlink>http://app.databasin.org/app/pages/datasetPage.jsp?id=a4cb6d367eae4e52a08902874f8bfedf</onlink>
        <pubinfo>
          <publish />
          <pubplace />
        </pubinfo>
      </citeinfo>
    </citation>
    <ptcontac>
      <cntinfo>
        <cntperp>
          <cntper />
          <cntorg />
        </cntperp>
        <cntemail />
      </cntinfo>
    </ptcontac>
    <status>
      <progress />
      <update />
    </status>
    <timeperd>
      <timeinfo>
        <sngdate>2002</sngdate>
        <current />
      </timeinfo>
    </timeperd>
    <keywords>
      <theme>
        <themekey>soil</themekey>
        <themekey>soil organic carbon</themekey>
        <themekey>SOC</themekey>
        <themekey>land use</themekey>
        <themekt>Data Basin tags</themekt>
      </theme>
    </keywords>
    <spdom>
      <bounding>
        <northbc>88.99999999999991</northbc>
        <eastbc>179.99999999998656</eastbc>
        <southbc>-88.99999999999993</southbc>
        <westbc>-179.99999999998656</westbc>
      </bounding>
    </spdom>
  </idinfo>
  <dataqual>
    <attracc>
      <attraccr />
    </attracc>
    <complete />
    <lineage />
  </dataqual>
  <eainfo>
    <detailed />
  </eainfo>
  <distinfo>
    <distrib>
      <cntinfo>
        <cntorgp>
          <cntorg>Data Basin</cntorg>
          <cntper>Data Basin Administrator</cntper>
        </cntorgp>
        <cntaddr>
          <addrtype>physical address</addrtype>
          <address>136 SW Washington Ave, Suite 202</address>
          <city>Corvallis</city>
          <state>OR</state>
          <postal>97333</postal>
          <country>USA</country>
        </cntaddr>
        <cntvoice>541-757-0687</cntvoice>
        <cntemail>databasin_admin@consbio.org</cntemail>
      </cntinfo>
    </distrib>
    <resdesc>Global Soil Organic Carbon Density in kg Carbon/m2 to 1 meter depth</resdesc>
    <distliab>No warranty is made by Data Basin for use of this dataset.  No warranty is made by Data Basin regarding the accuracy, reliability, or completeness of this dataset. In no event shall Data Basin have any liability whatsoever for payment of any consequential, incidental, indirect, special, or tort damages of any kind, including, but not limited to, any loss of profits arising out of the use or reliance on the geographic or attribute data contained within this dataset or arising out of the delivery, installation, operation, or support by Data Basin.</distliab>
    <stdorder>
      <digform>
        <digtinfo>
          <formname>Raster Layer</formname>
          <formvern>ArcGIS  10</formvern>
          <formspec>Raster Layer</formspec>
          <filedec>No compression applied</filedec>
        </digtinfo>
        <digtopt>
          <onlinopt>
            <computer>
              <networka>
                <networkr>http://app.databasin.org/app/pages/datasetPage.jsp?id=a4cb6d367eae4e52a08902874f8bfedf</networkr>
              </networka>
            </computer>
            <accinstr>Download from http://databasin.org</accinstr>
          </onlinopt>
        </digtopt>
      </digform>
      <fees>None</fees>
      <ordering>Download from http://databasin.org</ordering>
    </stdorder>
    <techpreq>ESRI ArcGIS Desktop and supporting operating systems.</techpreq>
  </distinfo>
</metadata>

