<?xml version="1.0" encoding="ISO-8859-1"?>
<!--<!DOCTYPE metadata SYSTEM "http://www.esri.com/metadata/esriprof80.dtd">--><metadata xml:lang="en"><Esri><CreaDate>20100720</CreaDate><CreaTime>15125000</CreaTime><SyncOnce>FALSE</SyncOnce><SyncDate>20100720</SyncDate><SyncTime>15134000</SyncTime><ModDate>20100720</ModDate><ModTime>15134000</ModTime><MetaID>{575151C3-FF38-471C-9493-B7B7A227088E}</MetaID><DataProperties><itemProps><itemName Sync="TRUE">projected__</itemName><itemLocation><linkage Sync="TRUE">file://D:\arcgisserver\services\im\a4cb6d367eae4e52a08902874f8bfedf\data\soilcarbon\projected__</linkage><protocol Sync="TRUE">Local Area Network</protocol></itemLocation><imsContentType Sync="TRUE">002</imsContentType><nativeExtBox><westBL Sync="TRUE">-20037508.342788</westBL><eastBL Sync="TRUE">20093523.335192</eastBL><southBL Sync="TRUE">-30294030.042615</southBL><northBL Sync="TRUE">30240971.958386</northBL><exTypeCode Sync="TRUE">1</exTypeCode></nativeExtBox></itemProps><coordRef><type Sync="TRUE">Projected</type><geogcsn Sync="TRUE">GCS_WGS_1984</geogcsn><projcsn Sync="TRUE">WGS_1984_Web_Mercator_Auxiliary_Sphere</projcsn><peXml Sync="TRUE">&lt;ProjectedCoordinateSystem xsi:type='typens:ProjectedCoordinateSystem' xmlns:xsi='http://www.w3.org/2001/XMLSchema-instance' xmlns:xs='http://www.w3.org/2001/XMLSchema' xmlns:typens='http://www.esri.com/schemas/ArcGIS/10.0'&gt;&lt;WKT&gt;PROJCS[&amp;quot;WGS_1984_Web_Mercator_Auxiliary_Sphere&amp;quot;,GEOGCS[&amp;quot;GCS_WGS_1984&amp;quot;,DATUM[&amp;quot;D_WGS_1984&amp;quot;,SPHEROID[&amp;quot;WGS_1984&amp;quot;,6378137.0,298.257223563]],PRIMEM[&amp;quot;Greenwich&amp;quot;,0.0],UNIT[&amp;quot;Degree&amp;quot;,0.0174532925199433]],PROJECTION[&amp;quot;Mercator_Auxiliary_Sphere&amp;quot;],PARAMETER[&amp;quot;False_Easting&amp;quot;,0.0],PARAMETER[&amp;quot;False_Northing&amp;quot;,0.0],PARAMETER[&amp;quot;Central_Meridian&amp;quot;,0.0],PARAMETER[&amp;quot;Standard_Parallel_1&amp;quot;,0.0],PARAMETER[&amp;quot;Auxiliary_Sphere_Type&amp;quot;,0.0],UNIT[&amp;quot;Meter&amp;quot;,1.0],AUTHORITY[&amp;quot;EPSG&amp;quot;,3857]]&lt;/WKT&gt;&lt;XOrigin&gt;-20037700&lt;/XOrigin&gt;&lt;YOrigin&gt;-30241100&lt;/YOrigin&gt;&lt;XYScale&gt;148923141.92838538&lt;/XYScale&gt;&lt;ZOrigin&gt;-100000&lt;/ZOrigin&gt;&lt;ZScale&gt;10000&lt;/ZScale&gt;&lt;MOrigin&gt;-100000&lt;/MOrigin&gt;&lt;MScale&gt;10000&lt;/MScale&gt;&lt;XYTolerance&gt;0.001&lt;/XYTolerance&gt;&lt;ZTolerance&gt;0.001&lt;/ZTolerance&gt;&lt;MTolerance&gt;0.001&lt;/MTolerance&gt;&lt;HighPrecision&gt;true&lt;/HighPrecision&gt;&lt;WKID&gt;3857&lt;/WKID&gt;&lt;/ProjectedCoordinateSystem&gt;</peXml></coordRef><RasterProperties><General><PixelDepth Sync="TRUE">32</PixelDepth><HasColormap Sync="TRUE">FALSE</HasColormap><CompressionType Sync="TRUE">None</CompressionType><NumBands Sync="TRUE">1</NumBands><Format Sync="TRUE">GRID</Format><HasPyramids Sync="TRUE">TRUE</HasPyramids><SourceType Sync="TRUE">continuous</SourceType><PixelType Sync="TRUE">floating point</PixelType><NoDataValue Sync="TRUE">-3.4028235e+038</NoDataValue></General></RasterProperties><lineage><Process ToolSource="C:\Program Files (x86)\ArcGIS\Server10.0\ArcToolbox\Toolboxes\Data Management Tools.tbx\ProjectRaster" Date="20100720" Time="151340">ProjectRaster D:\arcgisserver\services\im\a4cb6d367eae4e52a08902874f8bfedf\data\soilcarbon\soilcarbon D:\arcgisserver\services\im\a4cb6d367eae4e52a08902874f8bfedf\data\soilcarbon\projected__ PROJCS['WGS_1984_Web_Mercator_Auxiliary_Sphere',GEOGCS['GCS_WGS_1984',DATUM['D_WGS_1984',SPHEROID['WGS_1984',6378137.0,298.257223563]],PRIMEM['Greenwich',0.0],UNIT['Degree',0.0174532925199433]],PROJECTION['Mercator_Auxiliary_Sphere'],PARAMETER['False_Easting',0.0],PARAMETER['False_Northing',0.0],PARAMETER['Central_Meridian',0.0],PARAMETER['Standard_Parallel_1',0.0],PARAMETER['Auxiliary_Sphere_Type',0.0],UNIT['Meter',1.0]] NEAREST 96701.2811517583 # # GEOGCS['GCS_WGS_1984',DATUM['D_WGS_1984',SPHEROID['WGS_1984',6378137.0,298.257223563]],PRIMEM['Greenwich',0.0],UNIT['Degree',0.0174532925199433]]</Process></lineage></DataProperties></Esri><idinfo><native Sync="TRUE">Microsoft Windows Vista Version 6.1 (Build 7600) ; ESRI ArcCatalog 9.3.1.3500</native><descript><langdata Sync="TRUE">en</langdata><abstract>Soil organic carbon is a general term for the total of all the different
non-living organic compounds in the soil, it also excludes dead plants
and animals. The organic carbon in the soil is used by plants for
nourishment as they grow, and the plants themselves replenish the
resource when they decay after they die.&lt;br /&gt;
&lt;br /&gt;
Although it would seem that high densities of soil carbon would
correspond to areas where vegetation thrives, this is not necessarily
the case. For example, the regions of the world categorized as tropical
rainforest typically have very low quality soils - not because the soils
are bad, rather because the highly active vegetation on the surface has
already extracted most of the nutrient from the soil. The regions of the
world where soil carbon accumulates, are therefore regions where
vegetation growth is generally slower - such as swamps, bogs, and wetlands.</abstract><purpose>In order to feed and house the millions of new people added to the Earth each year, there has been an unprecedented intensification of global land use. Cities have been expanding into the surrounding countryside, farms continue to amalgamate into larger and larger entities, and forests continue to be cleared at an alarming rate to make way for pastures or subsistence cropland. These practices are most evident in the developing world, which is currently undergoing the largest population and resource crunch history has seen.</purpose><supplinf>The Atlas of the Biosphere is a product of the Center for Sustainability and the Global Environment (SAGE), part of the Nelson Institute for Environmental Studies at the University of Wisconsin - Madison, copyright  2002 The Board of Regents of the University of Wisconsin System</supplinf></descript><citation><citeinfo><pubdate>2002</pubdate><title>Global Soil Organic Carbon Density in kg Carbon/m2 to 1 meter depth</title><ftname Sync="TRUE">soilcarbon</ftname><onlink>http://www.sage.wisc.edu/atlas/maps.php?datasetid=21&amp;includerelatedlinks=1&amp;dataset=21</onlink><geoform Sync="TRUE">raster digital data</geoform><othercit>&lt;b&gt;Title:&lt;/b&gt; Global Soil Organic Carbon Density in kg Carbon/m2 to 1 meter depth&lt;br/&gt;&lt;b&gt;Credits:&lt;/b&gt; IGBP-DIS (1998) SoilData(V.0) A program for creating global soil-property databases, IGBP Global Soils Data Task, France.&lt;br/&gt;&lt;b&gt;Publication Date:&lt;/b&gt; 2002&lt;br/&gt;&lt;b&gt;Online Linkages: &lt;/b&gt;&lt;ul&gt;&lt;li&gt;&lt;a target='blank' href='http://www.sage.wisc.edu/atlas/maps.php?datasetid=21&amp;includerelatedlinks=1&amp;dataset=21'&gt;http://www.sage.wisc.edu/atlas/maps.php?datasetid=21&amp;includerelatedlinks=1&amp;dataset=21&lt;/a&gt;&lt;/li&gt;&lt;/ul&gt;&lt;b&gt;Other Citation Info:&lt;/b&gt; IGBP-DIS (1998) SoilData(V.0) A program for creating global
soil-property databases, IGBP Global Soils Data Task, France.&lt;br/&gt;</othercit><origin>IGBP-DIS (1998) SoilData(V.0) A program for creating global soil-property databases</origin><origin>IGBP Global Soils Data Task</origin><origin>France.</origin><pubinfo><pubdate /><publish /><pubplace /></pubinfo></citeinfo><citeinfo /><citeinfo /><citeinfo /></citation><timeperd><current>REQUIRED: The basis on which the time period of content information is determined.</current><timeinfo><sngdate>2002</sngdate><current /></timeinfo><timeinfo /><timeinfo /><timeinfo /></timeperd><status><progress>Complete</progress><update>None Planned</update></status><spdom><bounding><westbc Sync="TRUE">REQUIRED: Western-most coordinate of the limit of coverage expressed in longitude.</westbc><eastbc Sync="TRUE">REQUIRED: Eastern-most coordinate of the limit of coverage expressed in longitude.</eastbc><northbc Sync="TRUE">REQUIRED: Northern-most coordinate of the limit of coverage expressed in latitude.</northbc><southbc Sync="TRUE">REQUIRED: Southern-most coordinate of the limit of coverage expressed in latitude.</southbc></bounding><lboundng><leftbc Sync="TRUE">-180.000000</leftbc><rightbc Sync="TRUE">180.000000</rightbc><bottombc Sync="TRUE">-90.000000</bottombc><topbc Sync="TRUE">90.000000</topbc></lboundng><bounding /><bounding /><bounding /></spdom><keywords><theme><themekey>soil</themekey><themekey>soil organic carbon</themekey><themekey>SOC</themekey><themekey>land use</themekey><themekt>Data Basin tags</themekt></theme></keywords><accconst>REQUIRED: Restrictions and legal prerequisites for accessing the data set.</accconst><useconst>&lt;a rel="license" style="float:right;" href="http://creativecommons.org/licenses/by/3.0/" target="_blank"&gt;&lt;img alt="Creative Commons License" style="border-width:0" src="http://creativecommons.org/images/public/somerights20.png" /&gt;&lt;/a&gt;This work is licensed under a &lt;a rel="license" href="http://creativecommons.org/licenses/by/3.0/" target="_blank"&gt;Creative Commons Attribution 3.0 License&lt;/a&gt;.</useconst><natvform Sync="TRUE">Raster Dataset</natvform><datacred></datacred><ptcontac><cntinfo><cntperp><cntper /><cntorg></cntorg></cntperp><cntemail /></cntinfo><cntinfo /><cntinfo /></ptcontac></idinfo><dataIdInfo><envirDesc Sync="TRUE">Microsoft Windows Server 2008 Version 6.0 (Build 6002) Service Pack 2; ESRI ArcGIS 10.0.0.2348</envirDesc><dataLang><languageCode Sync="TRUE" value="eng" country="USA" /></dataLang><idCitation><resTitle Sync="TRUE">projected__</resTitle><presForm><PresFormCd Sync="TRUE" value="005" /></presForm></idCitation><spatRpType><SpatRepTypCd Sync="TRUE" value="002" /></spatRpType><dataExt><geoEle><GeoBndBox esriExtentType="search"><westBL Sync="TRUE">-180.000000</westBL><eastBL Sync="TRUE">180.000000</eastBL><northBL Sync="TRUE">89.000000</northBL><southBL Sync="TRUE">-89.000000</southBL><exTypeCode Sync="TRUE">1</exTypeCode></GeoBndBox></geoEle></dataExt><descKeys><thesaName uuidref="723f6998-058e-11dc-8314-0800200c9a66" /><keyword Sync="TRUE">002</keyword></descKeys></dataIdInfo><metainfo><langmeta Sync="TRUE">en</langmeta><metstdn Sync="TRUE">FGDC Content Standards for Digital Geospatial Metadata</metstdn><metstdv Sync="TRUE">FGDC-STD-001-1998</metstdv><mettc Sync="TRUE">local time</mettc><metc><cntinfo><cntorgp><cntper>REQUIRED: The person responsible for the metadata information.</cntper><cntorg>REQUIRED: The organization responsible for the metadata information.</cntorg></cntorgp><cntaddr><addrtype>REQUIRED: The mailing and/or physical address for the organization or individual.</addrtype><city>REQUIRED: The city of the address.</city><state>REQUIRED: The state or province of the address.</state><postal>REQUIRED: The ZIP or other postal code of the address.</postal></cntaddr><cntvoice>REQUIRED: The telephone number by which individuals can speak to the organization or individual.</cntvoice></cntinfo></metc><metd Sync="TRUE">20100720</metd></metainfo><mdLang><languageCode Sync="TRUE" value="eng" /></mdLang><mdStanName Sync="TRUE">ISO 19115 Geographic Information - Metadata</mdStanName><mdStanVer Sync="TRUE">DIS_ESRI1.0</mdStanVer><mdChar><CharSetCd Sync="TRUE" value="004" /></mdChar><mdHrLv><ScopeCd Sync="TRUE" value="005" /></mdHrLv><mdHrLvName Sync="TRUE">dataset</mdHrLvName><distInfo><distributor><distorTran><onLineSrc><linkage Sync="TRUE">file://\\WALRUS\D\Wendy Tier 1\Global Datasets\soils\soilcarbon\soilcarbon</linkage><protocol Sync="TRUE">Local Area Network</protocol><orDesc Sync="TRUE">002</orDesc></onLineSrc><transSize Sync="TRUE">1.001</transSize></distorTran><distorFormat><formatName Sync="TRUE">Raster Dataset</formatName></distorFormat></distributor><distFormat><formatName Sync="TRUE">Raster Dataset</formatName></distFormat></distInfo><distinfo><resdesc Sync="TRUE">Downloadable Data</resdesc><stdorder><digform><digtinfo><transize Sync="TRUE">1.001</transize><dssize Sync="TRUE">1.001</dssize></digtinfo></digform></stdorder></distinfo><spdoinfo><direct Sync="TRUE">Raster</direct><rastinfo><rasttype Sync="TRUE">Grid Cell</rasttype><rowcount Sync="TRUE">360</rowcount><colcount Sync="TRUE">720</colcount><rastxsz Sync="TRUE">0.500000</rastxsz><rastysz Sync="TRUE">0.500000</rastysz><rastbpp Sync="TRUE">32</rastbpp><vrtcount Sync="TRUE">1</vrtcount><rastorig Sync="TRUE">Upper Left</rastorig><rastcmap Sync="TRUE">FALSE</rastcmap><rastcomp Sync="TRUE">Default</rastcomp><rastband Sync="TRUE">1</rastband><rastdtyp Sync="TRUE">matrix values</rastdtyp><rastplyr Sync="TRUE">FALSE</rastplyr><rastifor Sync="TRUE">GRID</rastifor></rastinfo></spdoinfo><spatRepInfo><GridSpatRep><numDims Sync="TRUE">2</numDims><cellGeo><CellGeoCd Sync="TRUE" value="002" /></cellGeo><tranParaAv Sync="TRUE">1</tranParaAv><axDimProps><Dimen><dimName><DimNameTypCd Sync="TRUE" value="002" /></dimName><dimSize Sync="TRUE">720</dimSize><dimResol><value Sync="TRUE">0.5</value><uom><UomLength><uomName Sync="TRUE">unknown</uomName></UomLength></uom></dimResol></Dimen><Dimen><dimName><DimNameTypCd Sync="TRUE" value="001" /></dimName><dimSize Sync="TRUE">360</dimSize><dimResol><value Sync="TRUE">0.5</value><uom><UomLength><uomName Sync="TRUE">unknown</uomName></UomLength></uom></dimResol></Dimen></axDimProps></GridSpatRep><Georect><cellGeo><CellGeoCd Sync="TRUE" value="002" /></cellGeo><numDims Sync="TRUE">2</numDims><tranParaAv Sync="TRUE">1</tranParaAv><chkPtAv Sync="TRUE">0</chkPtAv><cornerPts><pos Sync="TRUE">-20037508.342788 -30294030.042615</pos></cornerPts><cornerPts><pos Sync="TRUE">-20037508.342788 30240971.958386</pos></cornerPts><cornerPts><pos Sync="TRUE">20093523.335192 30240971.958386</pos></cornerPts><cornerPts><pos Sync="TRUE">20093523.335192 -30294030.042615</pos></cornerPts><centerPt><pos Sync="TRUE">28007.496202 -26529.042115</pos></centerPt><axisDimension type="001"><dimSize Sync="TRUE">415</dimSize><dimResol><value Sync="TRUE" uom="Meter">96701.281152</value></dimResol></axisDimension><axisDimension type="002"><dimSize Sync="TRUE">626</dimSize><dimResol><value Sync="TRUE" uom="Meter">96701.281152</value></dimResol></axisDimension><ptInPixel><PixOrientCd Sync="TRUE" value="001" /></ptInPixel></Georect></spatRepInfo><spref><horizsys><planar><planci><plance Sync="TRUE">row and column</plance><coordrep><absres Sync="TRUE">0.500000</absres><ordres Sync="TRUE">0.500000</ordres></coordrep></planci></planar></horizsys></spref><mdDateSt Sync="TRUE">20100720</mdDateSt><refSysInfo><RefSystem><refSysID><identCode code="3857" /><idCodeSpace Sync="TRUE">EPSG</idCodeSpace><idVersion Sync="TRUE">7.4</idVersion></refSysID></RefSystem></refSysInfo><contInfo><ImgDesc><contentTyp><ContentTypCd Sync="TRUE" value="003" /></contentTyp><covDim><Band><dimDescrp Sync="TRUE">Band_1</dimDescrp><maxVal Sync="TRUE">24.875999</maxVal><minVal Sync="TRUE">0.000000</minVal><bitsPerVal Sync="TRUE">32</bitsPerVal><valUnit><UOM type="length"><unitSymbol Sync="TRUE">Meter</unitSymbol></UOM></valUnit></Band></covDim></ImgDesc></contInfo><dataqual><attracc><attraccr></attraccr></attracc><complete /><lineage /></dataqual><eainfo><detailed /></eainfo></metadata>
