<?xml version="1.0" encoding="utf-8" ?>
<ESRI_ItemInformation Culture='en-US'>
<name>a4cb6d367eae4e52a08902874f8bfedf</name>
<guid>3F35A3C8-67EE-4404-AC0C-F264774CF4E7</guid>
<catalogpath></catalogpath>
<snippet></snippet>
<description>Layer for soilcarbon</description>
<summary></summary>
<title>soilcarbon</title>
<tags></tags>
<type>Layer Package</type>
<typekeywords>
<typekeyword>Raster Dataset</typekeyword>
<typekeyword>Layer Package</typekeyword>
<typekeyword>Data</typekeyword>
<typekeyword>ArcMap</typekeyword>
<typekeyword>.lpk</typekeyword>
</typekeywords>
<thumbnail>thumbnail/thumbnail.png</thumbnail>
<documentation></documentation>
<url></url>
<datalastmodifiedtime></datalastmodifiedtime>
<extent>
<xmin>-180</xmin>
<ymin>-90</ymin>
<xmax>180</xmax>
<ymax>90</ymax>
</extent>
<spatialreference>GCS_WGS_1984</spatialreference>
<accessinformation></accessinformation>
</ESRI_ItemInformation>
